site_code,scenario,n,slope,slope_se,mean_zscore,zscore_se,correlation,p_value
AT-Neu,HW_ge_2,17,1.0346972860287296,1.4666355414645562,-0.6360971369186076,0.1893443655387455,0.17920793931625037,0.4913167824460719
AT-Neu,HW_ge_2_VPD_lt_2,8,NA,NA,NA,NA,NA,NA
AT-Neu,HW_ge_2_VPD_ge_2,9,NA,NA,NA,NA,NA,NA
AU-How,HW_ge_2,75,0.6388896303273546,0.7322454470504938,-0.5111364226684355,0.08842530317258943,0.10159093758608868,0.38579243560915677
AU-How,HW_ge_2_VPD_lt_2,73,0.6851901335729805,0.7304726214924415,-0.5037175615016036,0.08916332394945921,0.11063780268085678,0.35141961782569764
AU-How,HW_ge_2_VPD_ge_2,2,NA,NA,NA,NA,NA,NA
AU-Tum,HW_ge_2,141,-0.9872055572423142,0.38717396076758215,-0.10796524819202837,0.08025208606772548,-0.21138197590077218,0.011863520484235427
AU-Tum,HW_ge_2_VPD_lt_2,98,-0.6848559453453255,0.41345734841675064,-0.24918099581373993,0.09136785632480256,-0.1666916368743472,0.1009033933117364
AU-Tum,HW_ge_2_VPD_ge_2,43,-2.105113232582013,0.8890225226822699,0.21387529289931423,0.15134729579066555,-0.34684659345260177,0.02268771788281963
BE-Bra,HW_ge_2,25,-5.935401488080448,3.647686231908705,0.5518670852438875,0.2645604830776473,-0.32129842486490956,0.11732494355997837
BE-Bra,HW_ge_2_VPD_lt_2,21,-17.16656460218114,3.2715108137421938,0.739155910521208,0.29122549748059945,-0.769218314002454,4.5898447851362955e-5
BE-Bra,HW_ge_2_VPD_ge_2,4,NA,NA,NA,NA,NA,NA
BE-Vie,HW_ge_2,38,1.813166797619521,1.9901963796462876,0.09739795157384583,0.15493933283994302,0.15012081163699717,0.36832973600752483
BE-Vie,HW_ge_2_VPD_lt_2,10,-3.0750796530056888,5.3721199901519405,-0.23024748331671244,0.2626765038327046,-0.1983577684345831,0.5827655640327651
BE-Vie,HW_ge_2_VPD_ge_2,28,1.580682429776127,2.421995689889054,0.2144141783204738,0.1857556213104865,0.12695683447347786,0.5197200086313993
CA-Ca1,HW_ge_2,18,2.5915443123479918,2.130357102109362,0.14350467602332195,0.18753746032867094,0.290962889964574,0.24144243876646745
CA-Ca1,HW_ge_2_VPD_lt_2,3,NA,NA,NA,NA,NA,NA
CA-Ca1,HW_ge_2_VPD_ge_2,15,2.0306090132752934,2.2184357614430237,0.004899823452981012,0.20653306189267442,0.24606246245060712,0.3766829403868398
CA-Cbo,HW_ge_2,3,NA,NA,NA,NA,NA,NA
CA-Cbo,HW_ge_2_VPD_lt_2,3,NA,NA,NA,NA,NA,NA
CA-Cbo,HW_ge_2_VPD_ge_2,0,NA,NA,NA,NA,NA,NA
CA-LP1,HW_ge_2,68,0.42181124952446886,0.8580097806565065,0.531881674751067,0.16858815301565688,0.060403239365848675,0.6246219559608777
CA-LP1,HW_ge_2_VPD_lt_2,50,1.2586924532239998,0.9977734770656943,0.38908519374876505,0.16282526910421116,0.17913669312914632,0.21322462358053831
CA-LP1,HW_ge_2_VPD_ge_2,18,-4.558059006969281,2.478095103145273,0.9285385664241277,0.44532541042498336,-0.41778184184947076,0.0844959966134881
CA-Man,HW_ge_2,12,-4.854395116428181,1.5298840537534855,0.809026344079347,0.4814263735546744,-0.7083078405225888,0.009936078054504915
CA-Man,HW_ge_2_VPD_lt_2,0,NA,NA,NA,NA,NA,NA
CA-Man,HW_ge_2_VPD_ge_2,12,-4.854395116428181,1.5298840537534855,0.809026344079347,0.4814263735546744,-0.7083078405225888,0.009936078054504915
CA-Oas,HW_ge_2,11,9.337876546136714,4.800538934656017,1.2202593333748064,0.464249822976002,0.5440388454586411,0.08361230399087036
CA-Oas,HW_ge_2_VPD_lt_2,7,NA,NA,NA,NA,NA,NA
CA-Oas,HW_ge_2_VPD_ge_2,4,NA,NA,NA,NA,NA,NA
CA-TP1,HW_ge_2,41,0.9589668373289633,0.8117469869847812,1.1158506086002005,0.13547797159456954,0.18587277731267465,0.24461306467767743
CA-TP1,HW_ge_2_VPD_lt_2,41,0.9589668373289633,0.8117469869847812,1.1158506086002005,0.13547797159456954,0.18587277731267465,0.24461306467767743
CA-TP1,HW_ge_2_VPD_ge_2,0,NA,NA,NA,NA,NA,NA
CA-TP3,HW_ge_2,84,-0.04016385485438211,0.4101302193907495,0.051132118802589596,0.1029517625738816,-0.010813873819555493,0.922227242591619
CA-TP3,HW_ge_2_VPD_lt_2,77,-0.1093935098902288,0.44124407240109287,0.04304311231375079,0.1119168174587059,-0.02861568559598713,0.8048733323935916
CA-TP3,HW_ge_2_VPD_ge_2,7,NA,NA,NA,NA,NA,NA
CH-Aws,HW_ge_2,13,-13.999055176877144,6.85272672714449,-0.14058108739844202,0.34521141051469184,-0.524440864670747,0.06578124531164653
CH-Aws,HW_ge_2_VPD_lt_2,8,NA,NA,NA,NA,NA,NA
CH-Aws,HW_ge_2_VPD_ge_2,5,NA,NA,NA,NA,NA,NA
CH-Cha,HW_ge_2,94,-2.163328019407234,0.8044992287011201,-0.027760328002834622,0.1897256972979019,-0.26994372523075166,0.008507841326568844
CH-Cha,HW_ge_2_VPD_lt_2,32,-1.1334183470423278,2.104822961557692,-1.5156930617530342,0.38827318711650255,-0.09784198655376722,0.5942147356046075
CH-Cha,HW_ge_2_VPD_ge_2,62,-0.8294157746623323,0.5219046171587527,0.7402049539327522,0.12353170624845429,-0.20097973245762663,0.11726913227533438
CH-Dav,HW_ge_2,135,2.3123216977299528,0.9175565498894378,0.22394753214599347,0.11126093722389555,0.2134816874511216,0.012915270468705942
CH-Dav,HW_ge_2_VPD_lt_2,73,0.8239676978972574,1.4319366700791105,0.33900946020463424,0.14223633113151704,0.06813133255229156,0.5668252621904886
CH-Dav,HW_ge_2_VPD_ge_2,62,5.972674767636327,1.3565807921168243,0.08847139104469068,0.1747526700460567,0.49414720923056876,4.468777864436858e-5
CH-Fru,HW_ge_2,68,-3.3239697353118873,0.7317332399024937,0.03814521129236197,0.14260082281685751,-0.48804189096319084,2.4243929220655633e-5
CH-Fru,HW_ge_2_VPD_lt_2,26,-2.388450997542469,1.414892754233836,0.6828221538415545,0.24844119374052995,-0.3257795443183592,0.10435046982425752
CH-Fru,HW_ge_2_VPD_ge_2,42,-3.461103292386269,0.6420955603537504,-0.36094051504761443,0.14262988546994795,-0.6486575162006579,3.3894996787092578e-6
CH-Lae,HW_ge_2,98,1.0331051317107756,0.4498224958399569,0.2931143089917667,0.07264959128656275,0.22821943854538576,0.023809759762754935
CH-Lae,HW_ge_2_VPD_lt_2,44,1.8454498689499739,0.8690125052842151,0.15215151876926758,0.11478233759213757,0.31138968654233556,0.039635435542627336
CH-Lae,HW_ge_2_VPD_ge_2,54,0.5886981704887311,0.5092994210699079,0.40797287880269195,0.09091996007684923,0.15827374367122368,0.2530062448134835
CZ-BK1,HW_ge_2,10,-20.379678206749606,5.582607586349045,-0.8162777317817668,0.4430289993599667,-0.7904948992409265,0.00648905307201255
CZ-BK1,HW_ge_2_VPD_lt_2,10,-20.379678206749606,5.582607586349045,-0.8162777317817668,0.4430289993599667,-0.7904948992409265,0.00648905307201255
CZ-BK1,HW_ge_2_VPD_ge_2,0,NA,NA,NA,NA,NA,NA
DE-Hai,HW_ge_2,64,1.7056486760219676,0.5199081736614171,1.1456700097901682,0.20304896609578885,0.3845990350645349,0.0017022571121047582
DE-Hai,HW_ge_2_VPD_lt_2,33,0.23671408709922362,0.5935605638105568,0.29076516746288084,0.17727495812665398,0.07144420384549298,0.6927718153801337
DE-Hai,HW_ge_2_VPD_ge_2,31,2.5325813430665125,0.554655914441529,2.055730003235345,0.29920256830556596,0.6467146895649124,8.458622962536304e-5
DE-Obe,HW_ge_2,42,-0.6556195788917115,0.6415593240484949,0.13976448703423616,0.19085979222480298,-0.15951025315032555,0.31296180543636143
DE-Obe,HW_ge_2_VPD_lt_2,24,-4.815259172365176,1.20745257275822,-0.07111006294967774,0.31950735254413876,-0.6477517183629827,6.211215832690505e-4
DE-Obe,HW_ge_2_VPD_ge_2,18,0.20864238058960793,0.7858112680228054,0.4209305536794547,0.11270562749516401,0.06623226814447021,0.7940056518280992
DE-Tha,HW_ge_2,57,1.340466967343394,0.7671785674225587,0.8827522238254286,0.14991806896533982,0.22932294902204853,0.08617247143730931
DE-Tha,HW_ge_2_VPD_lt_2,19,3.066242436001646,2.911426926151219,0.45758919585415636,0.3040726368523101,0.2474863374401067,0.30700069261271284
DE-Tha,HW_ge_2_VPD_ge_2,38,0.9528000009633911,0.7047694655113657,1.0953337378110648,0.15770496617544788,0.21981108710859976,0.18483048296073384
DK-Sor,HW_ge_2,48,-4.231027832601016,2.2407707903940373,-0.14266327915979388,0.2455903199987913,-0.2682004787187331,0.06531511322968248
DK-Sor,HW_ge_2_VPD_lt_2,12,-35.09085399873317,16.39693495216952,-0.8747057198312961,0.4620706471097174,-0.5604707665513233,0.05802653775586091
DK-Sor,HW_ge_2_VPD_ge_2,36,-4.664781463024321,2.224008287756931,0.10135086773070683,0.2807477911269545,-0.3384799054714766,0.04346146414107062
ES-Agu,HW_ge_2,1,NA,NA,NA,NA,NA,NA
ES-Agu,HW_ge_2_VPD_lt_2,1,NA,NA,NA,NA,NA,NA
ES-Agu,HW_ge_2_VPD_ge_2,0,NA,NA,NA,NA,NA,NA
ES-LJu,HW_ge_2,15,-1.1537782763458755,0.696992793241106,0.018677959399956392,0.09991338080062698,-0.4172424004004821,0.12177738317298524
ES-LJu,HW_ge_2_VPD_lt_2,15,-1.1537782763458755,0.696992793241106,0.018677959399956392,0.09991338080062698,-0.4172424004004821,0.12177738317298524
ES-LJu,HW_ge_2_VPD_ge_2,0,NA,NA,NA,NA,NA,NA
FI-Hyy,HW_ge_2,65,-2.437051506469108,0.9119348007579169,-0.5004301888041904,0.15870260815360307,-0.31908968330252274,0.009575977778354493
FI-Hyy,HW_ge_2_VPD_lt_2,47,-2.359898869336905,0.8233924090184863,-0.1723176143686652,0.16673630003993029,-0.3928910746796363,0.0062988403782077524
FI-Hyy,HW_ge_2_VPD_ge_2,18,-12.22673579078801,2.7179120335516616,-1.357168577608062,0.29371540518847516,-0.7473049513517643,3.6461178401086977e-4
FI-Sod,HW_ge_2,28,-0.028494919028690845,1.4714534232360037,0.6105945898591458,0.24358634724030173,-0.0037977913550348713,0.9846976581034197
FI-Sod,HW_ge_2_VPD_lt_2,12,-1.7226742843712988,2.444611937784055,0.7066004618298851,0.3596318611466967,-0.21750507626991705,0.49709162346225333
FI-Sod,HW_ge_2_VPD_ge_2,16,0.954770265781765,1.9409254863361458,0.5385901858810913,0.3390608820909067,0.1303481380681446,0.630402780963882
FR-Fon,HW_ge_2,54,-2.822894989421759,1.4352583474586444,0.37060279582485206,0.20020619322839206,-0.2631368048394172,0.054550776013573166
FR-Fon,HW_ge_2_VPD_lt_2,30,-1.4716068485460518,3.514141095001152,0.6725858507857364,0.28569435981556196,-0.07889288229877758,0.6785812804004926
FR-Fon,HW_ge_2_VPD_ge_2,24,-2.6089900152224845,1.4187053390078035,-0.006876022876253429,0.2608170343580066,-0.3650212700039955,0.0794534187574235
FR-Pue,HW_ge_2,111,0.07396926570973678,0.32272542838756096,0.34992090395861275,0.07888617295881818,0.021948267356857967,0.8191415470267882
FR-Pue,HW_ge_2_VPD_lt_2,91,0.21669470007942185,0.3765030454420229,0.3194975708980108,0.09104860080653912,0.060894502069175,0.5663746901164377
FR-Pue,HW_ge_2_VPD_ge_2,20,0.061625856234385976,1.1509293477604976,0.48834706938435163,0.14162458567064887,0.012619538283767233,0.9578879297479592
GF-Guy,HW_ge_2,25,0.7259571009689211,2.397945810546722,-0.3044300572481337,0.1043692452176668,0.06300051341445587,0.7648081808884112
GF-Guy,HW_ge_2_VPD_lt_2,25,0.7259571009689211,2.397945810546722,-0.3044300572481337,0.1043692452176668,0.06300051341445587,0.7648081808884112
GF-Guy,HW_ge_2_VPD_ge_2,0,NA,NA,NA,NA,NA,NA
GL-ZaH,HW_ge_2,2,NA,NA,NA,NA,NA,NA
GL-ZaH,HW_ge_2_VPD_lt_2,2,NA,NA,NA,NA,NA,NA
GL-ZaH,HW_ge_2_VPD_ge_2,0,NA,NA,NA,NA,NA,NA
IL-Yat,HW_ge_2,68,0.4502664970724148,0.49296422866217254,0.4683072539617583,0.12476252073004596,0.11172609286564315,0.3643643530288202
IL-Yat,HW_ge_2_VPD_lt_2,53,-0.7039530181304847,0.6650513981130175,0.30556116430506564,0.140515125867356,-0.14661707573333652,0.29481801791774714
IL-Yat,HW_ge_2_VPD_ge_2,15,1.242778269916587,0.6191636116721319,1.0433434374154058,0.2197146620217361,0.4864028553268839,0.06598500745031863
IT-Col,HW_ge_2,35,0.689643225942568,1.0235467016043458,0.13590165552889316,0.15748397304626904,0.116491150935644,0.50514479803994
IT-Col,HW_ge_2_VPD_lt_2,10,-3.6996259754039738,4.630394366011947,-0.09190756330480566,0.15275648268859407,-0.27184645356667514,0.44736756350629747
IT-Col,HW_ge_2_VPD_ge_2,25,0.41653307662312394,1.3159692258240387,0.2270253430623727,0.2108979321423729,0.06585610199567132,0.7544613042035404
IT-Lav,HW_ge_2,84,0.6747588442339072,0.34679477672179754,0.5587495714881824,0.10470424840240158,0.21007213947232303,0.055116806037575475
IT-Lav,HW_ge_2_VPD_lt_2,46,-0.22163500011431567,0.5719862574845742,0.20915375077973053,0.13961269470498958,-0.058315860949925684,0.7002667114452807
IT-Lav,HW_ge_2_VPD_ge_2,38,0.7120524380431963,0.38774078798409345,0.9819445123457822,0.12971821495278413,0.2926674769842985,0.07456527154735325
IT-MBo,HW_ge_2,53,3.0887795871023154,0.6912854766732871,0.5379484907150803,0.20453439835692086,0.5304064993460343,4.4052807516718455e-5
IT-MBo,HW_ge_2_VPD_lt_2,29,3.8891048141450764,0.829327467295468,0.32427903079570713,0.28123592610143006,0.6699847975957995,7.016917757855552e-5
IT-MBo,HW_ge_2_VPD_ge_2,24,1.8689661687948014,1.1667989416813884,0.7961324214509897,0.29533678409469766,0.32317710252951654,0.12346465615096003
IT-Noe,HW_ge_2,49,0.03730466493084867,0.35341213696638324,0.6991282736820107,0.10684373422533687,0.015395056347410957,0.9163840976939895
IT-Noe,HW_ge_2_VPD_lt_2,21,-1.316743822487966,1.4090194754557865,0.3384626033517084,0.1338295587296249,-0.2096279496941416,0.36176628931933164
IT-Noe,HW_ge_2_VPD_ge_2,28,-0.4752802384233447,0.38994471802373476,0.9696275264297374,0.13871421670448336,-0.23248467645467202,0.23384848586223447
IT-Ren,HW_ge_2,102,-1.5691733572973385,0.4616421125151409,0.062427191894358344,0.10880547433214695,-0.32182738932718635,9.721909741364447e-4
IT-Ren,HW_ge_2_VPD_lt_2,67,-1.9481626859377608,0.6821027640658391,0.04551644180532651,0.1376079284903573,-0.33392299918820284,0.0057520839522466885
IT-Ren,HW_ge_2_VPD_ge_2,35,-1.317423455325473,0.6349754531179613,0.09479919920764784,0.17909906481108329,-0.33969333345899344,0.0458818235577803
IT-Tor,HW_ge_2,22,-4.256055181925457,2.9964989381835547,0.358271119982829,0.23706340619156493,-0.302698570663409,0.17091028338411798
IT-Tor,HW_ge_2_VPD_lt_2,14,-4.309014144425321,3.4659407288254185,0.2530157629471134,0.3277571777060878,-0.33779772878299724,0.23751977255831044
IT-Tor,HW_ge_2_VPD_ge_2,8,NA,NA,NA,NA,NA,NA
NL-Loo,HW_ge_2,52,0.08614293132704307,0.2618592500809993,0.2492713405858809,0.14516105103364285,0.046472629144680755,0.7435549566596309
NL-Loo,HW_ge_2_VPD_lt_2,41,0.1342372470219366,0.30979225351142897,0.22974467430821063,0.17670847107042548,0.06921930887934664,0.6671741398062823
NL-Loo,HW_ge_2_VPD_ge_2,11,78.25755244298514,43.58202642255761,0.32205255125719734,0.2044478039368879,0.513578159044467,0.10612057076171637
RU-Fyo,HW_ge_2,31,1.43533911368226,0.39002181476511566,1.0047215585292029,0.1555198875763015,0.5642206287237214,9.46255642961084e-4
RU-Fyo,HW_ge_2_VPD_lt_2,0,NA,NA,NA,NA,NA,NA
RU-Fyo,HW_ge_2_VPD_ge_2,31,1.43533911368226,0.39002181476511566,1.0047215585292029,0.1555198875763015,0.5642206287237214,9.46255642961084e-4
SE-Deg,HW_ge_2,91,3.7012144924378103,0.4740011688826077,0.8508902577455043,0.20781828451600173,0.6376170239406662,1.071934759143106e-11
SE-Deg,HW_ge_2_VPD_lt_2,59,3.7369250643339935,0.5860006503021195,0.7353762747671331,0.2844478484832639,0.6452742818762245,3.4458944156033626e-8
SE-Deg,HW_ge_2_VPD_ge_2,32,3.698646789504993,0.8144582330777557,1.0638691638618765,0.2742264285959091,0.6382647617007532,8.480084990354378e-5
US-BZS,HW_ge_2,31,0.9553421446502505,0.3605276772499834,0.3185627997079027,0.12851809158446617,0.44150780103394127,0.012902580650350064
US-BZS,HW_ge_2_VPD_lt_2,30,0.8917845209229684,0.3859186051825429,0.3473600453735093,0.12949719391237868,0.40020493815590485,0.028424273335834905
US-BZS,HW_ge_2_VPD_ge_2,1,NA,NA,NA,NA,NA,NA
US-Bar,HW_ge_2,68,1.1593418488512741,1.1824948231595747,0.2811258530463613,0.16892339567644984,0.11981207054118363,0.3304590148388017
US-Bar,HW_ge_2_VPD_lt_2,65,2.1626723377878254,1.353333501879518,0.3134638997601985,0.17563472392803126,0.19737277652747545,0.11503948302625842
US-Bar,HW_ge_2_VPD_ge_2,3,NA,NA,NA,NA,NA,NA
US-GLE,HW_ge_2,37,-0.974492736707673,0.7457611908575107,0.5236909371630116,0.13862679662827743,-0.21567583831770298,0.19983288997605733
US-GLE,HW_ge_2_VPD_lt_2,24,-0.8065966749853604,0.811892095793139,0.46812685363599665,0.18234335234475219,-0.20721299406932245,0.33127935296122357
US-GLE,HW_ge_2_VPD_ge_2,13,-5.580775452673949,3.691258226003791,0.6262707836744238,0.21233090843605626,-0.41478791296606027,0.1587463442998552
US-Ha1,HW_ge_2,55,0.6167154754611109,0.386872200846872,-0.3848565565849253,0.11351501914775422,0.21389950972707705,0.11685901359095396
US-Ha1,HW_ge_2_VPD_lt_2,38,-0.11563215679255096,0.45923607874532957,-0.5674580827694365,0.12280607191690412,-0.04192849706611288,0.8026334401334809
US-Ha1,HW_ge_2_VPD_ge_2,17,1.4698655362007953,1.0544436903607046,0.023311560768688035,0.21833924003971986,0.3386546290461188,0.18363392511493273
US-Ho1,HW_ge_2,132,0.4656864444092226,0.32973787768875223,0.31536722974919396,0.10154518790222555,0.12292684164126493,0.16025313901707575
US-Ho1,HW_ge_2_VPD_lt_2,103,0.37592412589396085,0.3858509587208054,0.2861890556386318,0.11720430925172066,0.09649141773993768,0.3322487301486299
US-Ho1,HW_ge_2_VPD_ge_2,29,0.7823036772976244,0.7556934170379075,0.419000055038432,0.20337870623674179,0.19538698817670658,0.3097528655973182
US-Ho2,HW_ge_2,157,0.7725535361693497,0.2238940826350519,-0.015027652720418224,0.0921997227806625,0.26708517249932734,7.209998276941972e-4
US-Ho2,HW_ge_2_VPD_lt_2,112,0.7964020305479785,0.3600703046112087,-0.13483059635875977,0.11776390197217639,0.2063479125877501,0.029048231926916097
US-Ho2,HW_ge_2_VPD_ge_2,45,0.5658937419674456,0.2618217779049455,0.28314856255723186,0.12346378358490853,0.3130398466461984,0.036278975548950716
US-ICh,HW_ge_2,0,NA,NA,NA,NA,NA,NA
US-ICh,HW_ge_2_VPD_lt_2,0,NA,NA,NA,NA,NA,NA
US-ICh,HW_ge_2_VPD_ge_2,0,NA,NA,NA,NA,NA,NA
US-ICt,HW_ge_2,0,NA,NA,NA,NA,NA,NA
US-ICt,HW_ge_2_VPD_lt_2,0,NA,NA,NA,NA,NA,NA
US-ICt,HW_ge_2_VPD_ge_2,0,NA,NA,NA,NA,NA,NA
US-Kon,HW_ge_2,97,0.7637539001032495,0.6433124917128126,-0.22639749680063895,0.1765858857953518,0.12091259918454092,0.23810073063848589
US-Kon,HW_ge_2_VPD_lt_2,48,4.285056380338721,1.4178737089733793,-0.004828825744922326,0.21111721893556928,0.40701568629713875,0.004091713031439366
US-Kon,HW_ge_2_VPD_ge_2,49,3.757575646624395,1.4257686242780199,-0.44344435824297357,0.28057606685327635,0.3588229204827639,0.011346070368930946
US-MMS,HW_ge_2,89,0.43162997466965075,0.347442305891612,0.10533222308743986,0.15345228973406722,0.13202342075520446,0.21746161503116113
US-MMS,HW_ge_2_VPD_lt_2,45,-1.5635193510953092,1.0590561015051543,-0.617559452613559,0.17437549998592952,-0.21964094387016497,0.1471408597248193
US-MMS,HW_ge_2_VPD_ge_2,44,-0.8964180363001263,0.41752830158971527,0.8446532550543705,0.20128207947156898,-0.3144761159757637,0.037615703388762294
US-MOz,HW_ge_2,167,1.0568919694313597,0.2600872019188903,0.8749590299296991,0.11162694724217263,0.30161842880112283,7.459147136244923e-5
US-MOz,HW_ge_2_VPD_lt_2,91,0.44567667023688234,0.1781454299702863,0.47292299433541507,0.0750347070492143,0.25632601338408484,0.014186138632176857
US-MOz,HW_ge_2_VPD_ge_2,76,2.6195529622685365,0.47310730848136473,1.3563442830754866,0.21643055604380487,0.5412309143626101,4.4637562939882724e-7
US-Me2,HW_ge_2,99,0.3360383822759785,0.40556473519680625,0.2738950639710684,0.08100143174120877,0.08383229704993597,0.40938244713157546
US-Me2,HW_ge_2_VPD_lt_2,65,0.16792314423820623,0.49043941519887546,0.298715686803271,0.10244155554612461,0.04309741436063556,0.7331946668776786
US-Me2,HW_ge_2_VPD_ge_2,34,0.7917074074731923,0.7436427476545524,0.22644387326244564,0.13312472707575265,0.18495541898613066,0.2950093164078077
US-Me6,HW_ge_2,59,-0.7847114133050919,0.4307090834534883,0.2708034928411857,0.13326872573526327,-0.23458359853362154,0.07371732760340574
US-Me6,HW_ge_2_VPD_lt_2,33,-0.6605509200184017,0.3791716375763735,0.016178124858565464,0.11334544615318384,-0.29861276773879253,0.09140795466829296
US-Me6,HW_ge_2_VPD_ge_2,26,-0.927267076730118,0.7924463357198154,0.5939818445114345,0.25526729714148766,-0.23231727753806428,0.2534367061840141
US-Mpj,HW_ge_2,9,NA,NA,NA,NA,NA,NA
US-Mpj,HW_ge_2_VPD_lt_2,9,NA,NA,NA,NA,NA,NA
US-Mpj,HW_ge_2_VPD_ge_2,0,NA,NA,NA,NA,NA,NA
US-MtB,HW_ge_2,56,2.530476016719443,0.4252955269520377,0.043186461627021895,0.11977816036189361,0.6292725371996315,2.0514631415315378e-7
US-MtB,HW_ge_2_VPD_lt_2,28,0.815085309430866,4.8770028158786705,-0.36049894335043625,0.16389365993930652,0.03275896927705322,0.8685621544842965
US-MtB,HW_ge_2_VPD_ge_2,28,2.2479005381845902,0.3567246609523425,0.4468718666044801,0.1397053084753215,0.777377276007242,1.1363907194686698e-6
US-NR1,HW_ge_2,67,1.3855614668407243,0.8150235214404457,0.7300026932025341,0.16298716906034472,0.20632528959621446,0.09390678919764774
US-NR1,HW_ge_2_VPD_lt_2,47,1.2204328034551095,1.0679621684519536,0.8397638886571764,0.16660485030183225,0.16793443336692132,0.25917867743852
US-NR1,HW_ge_2_VPD_ge_2,20,2.5897021479616735,1.5160519410623428,0.47206388388412457,0.3823807869016529,0.3734879722676872,0.10478897754748974
US-PFa,HW_ge_2,20,4.995426340949056,3.500879987687156,0.872540845454569,0.40436135636797355,0.31877860772885497,0.17072391352191738
US-PFa,HW_ge_2_VPD_lt_2,7,NA,NA,NA,NA,NA,NA
US-PFa,HW_ge_2_VPD_ge_2,13,4.552119649712442,3.463213714388417,0.6166943706107059,0.44234204048294035,0.36843372973852573,0.21545192322115544
US-Rpf,HW_ge_2,37,5.712813931531585,1.8322478108136953,0.5813891885697664,0.15530007639293497,0.4662382014323879,0.0036313595693588433
US-Rpf,HW_ge_2_VPD_lt_2,1,NA,NA,NA,NA,NA,NA
US-Rpf,HW_ge_2_VPD_ge_2,36,5.177922424523239,1.6449066432295474,0.6537559355029291,0.14128018803989992,0.47504817474823147,0.003414520268559209
US-SP1,HW_ge_2,117,-1.1900668872927462,0.3068199413253469,-0.117830189156937,0.06369689398346562,-0.34012763588082695,1.7539712393087735e-4
US-SP1,HW_ge_2_VPD_lt_2,87,-1.0031050630715213,0.44816829611319214,0.02177448086619039,0.06842692801540974,-0.23591777636791383,0.027819770120363546
US-SP1,HW_ge_2_VPD_ge_2,30,-0.6122296578594423,0.5148325909820094,-0.5226837322240064,0.12419982972383407,-0.21926542363932341,0.24435537301741306
US-SRG,HW_ge_2,113,-0.0039166790352434975,0.40681797023566774,0.9739937367544843,0.11470951219304194,-9.138105843184624e-4,0.9923356907635911
US-SRG,HW_ge_2_VPD_lt_2,43,-0.7654295941688137,5.868317746389559,0.9129276664589601,0.2709063871287463,-0.020366181636788366,0.8968607539203982
US-SRG,HW_ge_2_VPD_ge_2,70,-0.09505212256748816,0.2650826669122466,1.011505751364592,0.08356623406253189,-0.04344260218443569,0.7210236259242198
US-SRM,HW_ge_2,111,1.3177800359330707,0.31571146452312987,0.8596508812198868,0.10512713027101311,0.3712280218839338,6.041951395296534e-5
US-SRM,HW_ge_2_VPD_lt_2,63,0.5004496272766465,1.0256065035889683,0.5103836399360583,0.16221311263696594,0.06235463631678072,0.627331201355229
US-SRM,HW_ge_2_VPD_ge_2,48,0.9485581292472108,0.25951582612724444,1.3180641354049116,0.0798669325620206,0.4744100276335346,6.578137723785034e-4
US-Seg,HW_ge_2,42,0.44480092295262863,0.3789076502559908,0.9585854955871954,0.11481921520950589,0.1824934585523313,0.24737602758228477
US-Seg,HW_ge_2_VPD_lt_2,15,1.114370613675814,0.6734195404612063,0.9208391218014397,0.19330883169920574,0.41712328259921594,0.12189482287804358
US-Seg,HW_ge_2_VPD_ge_2,27,0.44267023193767663,1.1427058223289184,0.9795557032459487,0.14530308072899234,0.0772460507662944,0.7017476152436459
US-Ses,HW_ge_2,31,-0.6783624153212028,0.7762350702671865,0.3378909066896587,0.14805861543539625,-0.1601861175952474,0.38934504630005307
US-Ses,HW_ge_2_VPD_lt_2,15,0.6119220662627369,0.6744647021929179,1.0135478122063382,0.15033065799445008,0.24402455699528636,0.3807740135131742
US-Ses,HW_ge_2_VPD_ge_2,16,-0.2438892238494901,0.7756897926366497,-0.2955374422322284,0.09944883645435122,-0.0837360704314575,0.7578418647391388
US-Syv,HW_ge_2,2,NA,NA,NA,NA,NA,NA
US-Syv,HW_ge_2_VPD_lt_2,0,NA,NA,NA,NA,NA,NA
US-Syv,HW_ge_2_VPD_ge_2,2,NA,NA,NA,NA,NA,NA
US-Ton,HW_ge_2,13,0.6281647417901373,1.9801283292287368,-0.703912841866575,0.25345571991423116,0.0952151938770471,0.7570057329690798
US-Ton,HW_ge_2_VPD_lt_2,13,0.6281647417901373,1.9801283292287368,-0.703912841866575,0.25345571991423116,0.0952151938770471,0.7570057329690798
US-Ton,HW_ge_2_VPD_ge_2,0,NA,NA,NA,NA,NA,NA
US-UMB,HW_ge_2,49,1.4288515467553584,0.6502037861048693,-0.27267222293933324,0.17768335722049042,0.30524626649350706,0.032944806393891565
US-UMB,HW_ge_2_VPD_lt_2,30,4.601138769402484,2.025479572038643,-0.48943432350005134,0.19758578471255328,0.39448295293009805,0.030989347649505034
US-UMB,HW_ge_2_VPD_ge_2,19,0.8988056301647073,1.434208927876307,0.06958372531443224,0.3273843414565028,0.15026898127904414,0.5391873241219378
US-UMd,HW_ge_2,40,-0.8840560711543868,0.7438502150893889,-0.29307461758975356,0.15204351653806142,-0.18931164225026959,0.2420164325708882
US-UMd,HW_ge_2_VPD_lt_2,33,-4.190907586243763,2.57441327966734,-0.18810992061159912,0.15855675575100361,-0.28063170908479707,0.11366712429646118
US-UMd,HW_ge_2_VPD_ge_2,7,NA,NA,NA,NA,NA,NA
US-Var,HW_ge_2,4,NA,NA,NA,NA,NA,NA
US-Var,HW_ge_2_VPD_lt_2,4,NA,NA,NA,NA,NA,NA
US-Var,HW_ge_2_VPD_ge_2,0,NA,NA,NA,NA,NA,NA
US-Vcm,HW_ge_2,28,1.1622264238153972,0.313386126184339,0.2833824306222081,0.11100555029460034,0.5881956170090031,9.948749796372237e-4
US-Vcm,HW_ge_2_VPD_lt_2,28,1.1622264238153972,0.313386126184339,0.2833824306222081,0.11100555029460034,0.5881956170090031,9.948749796372237e-4
US-Vcm,HW_ge_2_VPD_ge_2,0,NA,NA,NA,NA,NA,NA
US-Vcp,HW_ge_2,39,0.36329333860925156,0.5886328553116879,0.6592861891591719,0.1300162575509429,0.1009457369373424,0.5408947546162652
US-Vcp,HW_ge_2_VPD_lt_2,37,0.39194960330916,0.5827634158867259,0.6095597019465067,0.13216795325543118,0.11295759224145453,0.5056368435912438
US-Vcp,HW_ge_2_VPD_ge_2,2,NA,NA,NA,NA,NA,NA
US-WCr,HW_ge_2,45,8.181190112366126,1.6734166027200055,0.88961931713142,0.35170530252731647,0.5977155348335582,1.4552431680352667e-5
US-WCr,HW_ge_2_VPD_lt_2,34,4.21469534331403,1.8243033132701025,0.5508181719099768,0.31469880790844773,0.3780911349142204,0.027472505680430682
US-WCr,HW_ge_2_VPD_ge_2,11,17.025027476734962,2.371670986381876,1.9368228569067893,1.0350052128891867,0.9226675064707399,5.202934223943498e-5
US-Wjs,HW_ge_2,36,-0.5275248709183246,0.6721085921204921,0.18760663409132589,0.18170359636732258,-0.13340276084445638,0.4379586911619143
US-Wjs,HW_ge_2_VPD_lt_2,13,3.7855120271982337,10.198050296914992,0.6040628370241345,0.13268342948423084,0.11122642669903995,0.7175390029289499
US-Wjs,HW_ge_2_VPD_ge_2,23,0.2256315026682061,0.9831959299470825,-0.04778165452287032,0.26422009946927744,0.05001567418143929,0.8207101867587762
US-Wkg,HW_ge_2,86,-0.30924549861479056,1.1797083543827436,1.0198656426258312,0.15209096780193393,-0.028589826823875047,0.7938574039198081
US-Wkg,HW_ge_2_VPD_lt_2,69,-0.4218123932129433,1.504191811463019,1.0246862111230493,0.185311875139391,-0.03423923065111,0.7800158267317883
US-Wkg,HW_ge_2_VPD_ge_2,17,0.1931067469175045,1.616602622247603,1.0002998057841817,0.1710559474032714,0.03082776750915753,0.9065022657625887
