folder,LATITUDE,LONGITUDE,IGBP,Mean_Annual_Precip,canopy_height,Growing_LAI,Fpar,MAT,MAP,Weighted_AWC
AT_Neu_2002_2020,47.1167,11.3175,GRA,1671.16916,0.76,3.078509532,0.665235903,2.040513631,1671.550532,0.01973875
BE_Bra_1996_2020,51.3076,4.5198,MF,826.7480387,23,3.287684729,0.680973188,10.87076021,826.8612299,0.02163625
BE_Vie_1996_2020,50.3049,5.9981,MF,1099.850501,34.6,3.557023411,0.702472767,8.434569014,1100.001083,0.020988333
CA_Ca1_1996_2010,49.8673,-125.3336,ENF,2247.394377,32,3.585586924,0.723079332,7.268110512,2247.907247,0.01791
CA_Cbo_1994_2020,44.3184,-79.9341,DBF,944.8472015,22,4.567154812,0.660126984,7.312551654,944.9765618,0.011793333
CA_LP1_2007_2022,55.1119,-122.8414,ENF,927.8587267,15,2.265690377,0.545099432,1.303014199,928.07047,0.0159325
CA_Man_1994_2008,55.8796,-98.4808,ENF,592.5639475,12,2.415960912,0.540833333,-1.709757989,592.6991744,0.016434167
CA_Oas_1996_2010,53.6289,-106.1978,DBF,546.2852763,22,4.590084986,0.634186047,1.530746935,546.409942,0.014465
CA_TP1_2002_2023,42.6609,-80.5595,ENF,1130.763158,6.85,2.504909561,0.530564516,9.346760634,1130.917972,0.01224375
CA_TP3_2002_2017,42.7068,-80.3483,ENF,1113.794193,13.1,3.332680723,0.695436105,9.344800905,1114.048368,0.01857375
CH_Aws_2006_2023,46.5831,9.7906,GRA,1409.240206,0.3,2.707225434,0.589567669,-0.584711302,1409.561803,0.01546375
CH_Cha_2005_2023,47.2102,8.4104,GRA,1547.130361,0.5,5.388709677,0.860913811,9.1184594,1547.483426,0.0166275
CH_Dav_1997_2020,46.8153,9.8559,ENF,1536.742147,18,2.318378378,0.554853168,0.277958761,1536.952545,0.01839625
CH_Fru_2005_2023,47.1158,8.5378,GRA,1765.596131,0.5,3.320767888,0.698386308,7.775649099,1765.999051,0.015592
CH_Lae_2004_2023,47.4783,8.3644,MF,1219.206502,30,4.796276596,0.713922997,9.613891056,1219.373425,0.01760125
CZ_BK1_2004_2022,49.5021,18.5369,ENF,1079.274757,9.5,3.657929883,0.695723684,7.3002674,1079.521055,0.019225
DE_Hai_2000_2023,51.0792,10.4522,DBF,747.4760673,35,4.704940711,0.660107875,8.753283401,747.5784052,0.015032
DE_Obe_2008_2023,50.7867,13.7213,ENF,853.4338797,13.5,3.465016502,0.696624204,8.084275221,853.6286387,0.01714125
DE_Tha_1996_2020,50.9626,13.5651,ENF,885.1490479,30,3.648148148,0.713309645,8.629069787,885.2702348,0.01604
DK_Sor_1996_2020,55.4859,11.6446,DBF,705.4860946,26,4.288671875,0.663687566,8.977610551,705.5826836,0.0159575
ES_Agu_2006_2020,36.9394,-2.034,OSH,280.0690592,0.8,0.532289157,0.290155763,17.42965372,280.1329727,0.009715
ES_LJu_2004_2020,36.9266,-2.7521,OSH,362.6860209,0.5,0.516693419,0.266178782,15.02758674,362.7687881,0.0157925
FI_Hyy_1996_2020,61.8474,24.2948,ENF,714.0725861,18,3.205473684,0.649313725,4.673705265,714.1703506,0.02109875
FI_Sod_2001_2014,67.3624,26.6386,ENF,670.4921582,12.7,1.979787234,0.456505495,0.68504752,670.6451688,0.01945125
FR_Fon_2005_2020,48.4764,2.7801,DBF,747.2840322,25,4.417657343,0.668725296,11.59557903,747.4545671,0.01217
FR_Pue_2000_2021,43.7413,3.5957,EBF,1095.66019,5,2.422,0.74321806,13.18471394,1095.810198,0.01297875
GL_ZaH_2000_2023,74.4733,-20.5503,GRA,449.3514907,0.1,1.148275862,0.322454874,-11.45754671,449.4540356,0.015521923
IL_Yat_2000_2020,31.345,35.052,ENF,171.9336832,10,1.317073171,0.424858388,19.40282114,171.9572228,0.003625
IT_Col_1996_2014,41.8494,13.5881,DBF,1107.968422,20.2,4.850217391,0.631959315,10.44498475,1108.221268,0.013813333
IT_Lav_2003_2020,45.9562,11.2813,ENF,1399.107858,28,3.492834891,0.708204878,8.140464168,1399.427144,0.013565
IT_MBo_2003_2020,46.0147,11.0458,GRA,1431.725667,0.3,2.782857143,0.62065449,8.269370993,1432.052396,0.014528333
IT_Noe_2004_2023,40.6062,8.1517,CSH,518.1500333,1.18,1.712873563,0.524383954,16.91891337,518.2209739,0.01354125
IT_Ren_1999_2020,46.5869,11.4337,ENF,1139.952322,19,2.857319588,0.612142857,5.013798305,1140.108395,0.014947
IT_Tor_2008_2023,45.8444,7.5781,GRA,1420.506297,0.5,2.440298507,0.615581818,0.754578001,1420.830466,0.015445
NL_Loo_1996_2018,52.1666,5.7436,ENF,865.5465865,18.6,2.863719116,0.711050545,10.36903947,865.6650896,0.02707625
RU_Fyo_1998_2023,56.4615,32.9221,ENF,809.5844994,16.9,3.507249467,0.667331701,5.400571707,809.6953407,0.020398333
SE_Deg_2001_2020,64.182,19.5565,GRA,706.9061109,0.5,2.007260726,0.592422587,3.037234432,707.0028944,0.02138625
US_BZS_2010_2024,64.6963,-148.3235,ENF,1341.469389,4.5,2.936728395,0.593094842,-1.576493883,401.8908745,0.02483875
US_Bar_2004_2023,44.0646,-71.2881,DBF,401.7991814,21,4.887179487,0.60780441,5.178056517,1341.653051,0.02136875
US_GLE_2005_2020,41.3665,-106.2399,ENF,652.0451,18,0.903962704,0.335078459,1.732594836,652.1939008,0.01432
US_Ha1_1991_2020,42.5378,-72.1715,DBF,1136.005453,23,4.534677419,0.663867562,8.675071667,1136.160985,0.01570125
US_Ho1_1996_2023,45.2041,-68.7402,ENF,1158.455844,20,3.355860349,0.757712919,6.720561019,1158.614449,0.02056625
US_Ho2_1999_2023,45.2091,-68.747,ENF,1160.213872,20,3.34403778,0.773342884,6.707186828,1160.372718,0.02120125
US_ICh_2007_2024,68.6068,-149.2958,OSH,544.3768346,0.1,1.394202899,0.527657658,-9.586615933,544.5010648,0.01670125
US_ICt_2007_2023,68.6063,-149.3041,OSH,544.2769958,0.2,1.394117647,0.544828571,-9.588441026,544.4012032,0.0163205
US_Kon_2004_2019,39.0824,-96.5603,GRA,924.5797964,2,2.901714286,0.480486726,13.15773522,924.7907913,0.0132975
US_MMS_1999_2020,39.3232,-86.4131,DBF,864.4552378,27,4.851181102,0.615978682,12.33878927,1167.460891,0.01872
US_MOz_2004_2021,38.7441,-92.2,DBF,939.9567159,18.5,4.826138614,0.641840844,13.36649974,1081.644932,0.013717
US_Me2_2002_2022,44.4526,-121.5589,ENF,1167.301074,18,2.517146974,0.666643426,7.79561485,864.5735915,0.015005
US_Me6_2010_2024,44.3233,-121.6078,ENF,1081.39815,5.2,1.11557377,0.384004128,7.004727407,940.1712199,0.0171575
US_Mpj_2008_2024,34.4385,-106.2377,WSA,374.47623,2.8,0.646540179,0.336854369,12.18145744,374.5616878,0.0108225
US_MtB_2009_2024,32.416,-110.7256,ENF,387.8856318,10,1.822809668,0.611673077,18.24705477,387.9741498,0.01615875
US_NR1_1998_2016,40.0329,-105.5464,ENF,873.4202058,11.4,2.201330377,0.594487805,1.562565211,764.2152902,0.013615
US_PFa_1995_2014,45.9459,-90.2783,MF,888.8500178,26,4.587878788,0.616530387,5.374810639,889.0528589,0.01748
US_Rpf_2008_2023,65.1198,-147.429,DBF,490.0133851,4.5,2.971497585,0.616739606,-2.546188117,490.1252092,0.024190714
US_SP1_2000_2020,29.7381,-82.2188,ENF,237.8848522,25,4.962548638,0.855305344,20.86250721,1083.192932,0.013585
US_SRG_2008_2024,31.7894,-110.8277,GRA,233.2340446,2.5,0.769066667,0.321864111,17.9427955,338.1129657,0.01187875
US_SRM_2004_2024,31.8214,-110.8661,WSA,1083.04465,2.5,0.7875,0.307527473,18.27863732,327.4306693,0.01241
US_Seg_2007_2024,34.3623,-106.702,GRA,338.0358238,0.3,0.361607143,0.134240688,14.51527902,237.9391391,0.01034875
US_Ses_2007_2024,34.3349,-106.7442,OSH,327.3858465,0.75,0.5125,0.163532009,14.66892926,233.2872701,0.01069125
US_Syv_2001_2023,46.242,-89.3477,MF,883.4142182,22,4.353658537,0.629512195,5.040148449,883.5351676,0.015161667
US_Ton_2001_2024,38.4309,-120.966,WSA,820.9759192,9.41,1.56763285,0.438961905,15.77973579,821.08832,0.01367
US_UMB_2007_2021,45.5598,-84.7138,DBF,914.6893798,22,5.025943396,0.663733154,6.770419048,914.8981177,0.01613
US_UMd_2007_2023,45.5625,-84.6975,DBF,912.4716018,22,4.783962264,0.668793343,6.771900395,912.6798336,0.01695875
US_Var_2000_2021,38.4133,-120.9508,GRA,822.7999166,0.55,1.895480226,0.439306743,15.73677483,822.9125672,0.014158333
US_Vcm_2007_2023,35.8884,-106.5321,ENF,627.8302499,19.6,1.986466165,0.466160714,7.077988994,627.9735247,0.01630625
US_Vcp_2007_2024,35.8642,-106.5967,ENF,601.4642365,19,1.88248337,0.571908163,7.367490522,601.6014945,0.01697375
US_WCr_1999_2014,45.8059,-90.0799,DBF,876.2424872,24,4.912201592,0.588617788,5.474063679,876.4424512,0.017365833
US_Wjs_2007_2024,34.4255,-105.8615,SAV,332.0128656,3.7,0.691208791,0.219729299,12.12160215,332.088633,0.0147725
US_Wkg_2004_2024,31.7365,-109.9419,GRA,246.9936536,2,0.710362694,0.277443182,16.92296374,247.0274698,0.01351375
